id,subfamily,family,class
1,L2a,L2,LINE
2,AluSx,Alu,SINE
3,AluY,Alu,SINE
4,AluJb,Alu,SINE
5,MIRb,MIR,SINE
6,AluSx1,Alu,SINE
7,AluSz,Alu,SINE
8,L2c,L2,LINE
9,MIR,MIR,SINE
10,L1PA7,L1,LINE
11,L1PA3,L1,LINE
12,L1PA4,L1,LINE
13,AluJr,Alu,SINE
14,L2b,L2,LINE
15,L1M5,L1,LINE
16,AluJo,Alu,SINE
17,AluSq2,Alu,SINE
18,L1PA5,L1,LINE
19,L2,L2,LINE
20,L1ME1,L1,LINE
21,AluSp,Alu,SINE
22,MIRc,MIR,SINE
23,L1PB1,L1,LINE
24,AluSg,Alu,SINE
25,AluSz6,Alu,SINE
26,L1PA6,L1,LINE
27,L1PA16,L1,LINE
28,L1MB7,L1,LINE
29,MIR3,MIR,SINE
30,AluSc,Alu,SINE
31,L1PA2,L1,LINE
32,L1ME4a,L1,LINE
33,L1MC4,L1,LINE
34,HAL1,L1,LINE
35,Tigger1,TcMar-Tigger,DNA
36,AT_rich,Low_complexity,Low_complexity
37,L1MEc,L1,LINE
38,L1MC4a,L1,LINE
39,L1M1,L1,LINE
40,L3,CR1,LINE
41,L1MA3,L1,LINE
42,AluSx3,Alu,SINE
43,L1PA15,L1,LINE
44,L1MA9,L1,LINE
45,L1MC1,L1,LINE
46,L1PA13,L1,LINE
47,ALR/Alpha,centr,Satellite
48,THE1B,ERVL-MaLR,LTR
49,L1MA2,L1,LINE
50,L1MC3,L1,LINE
51,L1MB8,L1,LINE
52,L1MEg,L1,LINE
53,L1M4,L1,LINE
54,L1MB3,L1,LINE
55,L1PA8,L1,LINE
56,L1PA10,L1,LINE
57,L1MEf,L1,LINE
58,MLT1D,ERVL-MaLR,LTR
59,(TA)n,Simple_repeat,Simple_repeat
60,AluSq,Alu,SINE
61,L1PREC2,L1,LINE
62,MSTA,ERVL-MaLR,LTR
63,AluSc8,Alu,SINE
64,L1MA4,L1,LINE
65,MLT1C,ERVL-MaLR,LTR
66,L1ME3A,L1,LINE
67,MLT1A0,ERVL-MaLR,LTR
68,L1ME2,L1,LINE
69,HERVH-int,ERV1,LTR
70,L1MA8,L1,LINE
71,L1MC5,L1,LINE
72,L1M2,L1,LINE
73,L1MA4A,L1,LINE
74,L1MD2,L1,LINE
75,THE1B-int,ERVL-MaLR,LTR
76,MLT1B,ERVL-MaLR,LTR
77,MER5A,hAT-Charlie,DNA
78,AluJr4,Alu,SINE
79,L1MA1,L1,LINE
80,L1MEe,L1,LINE
81,L1MCa,L1,LINE
82,MLT1K,ERVL-MaLR,LTR
83,L1MD1,L1,LINE
84,L1MA7,L1,LINE
85,L1PB4,L1,LINE
86,L1ME3C,L1,LINE
87,L1PA11,L1,LINE
88,THE1D,ERVL-MaLR,LTR
89,L1MDa,L1,LINE
90,L1MB5,L1,LINE
91,ERVL-E-int,ERVL,LTR
92,ERV3-16A3_I-int,ERVL,LTR
93,HERVL-int,ERVL,LTR
94,MLT1J,ERVL-MaLR,LTR
95,L1MB4,L1,LINE
96,LTR12C,ERV1,LTR
97,L1MB2,L1,LINE
98,L1M4c,L1,LINE
99,L4,RTE,LINE
100,L1MEd,L1,LINE
101,L1HS,L1,LINE
102,L1ME3,L1,LINE
103,L1MA6,L1,LINE
104,L1MC2,L1,LINE
105,THE1C,ERVL-MaLR,LTR
106,L1MB1,L1,LINE
107,L1PA8A,L1,LINE
108,Tigger3b,TcMar-Tigger,DNA
109,L1PA17,L1,LINE
110,L1M4b,L1,LINE
111,(CA)n,Simple_repeat,Simple_repeat
112,(TG)n,Simple_repeat,Simple_repeat
113,L1MC,L1,LINE
114,MER20,hAT-Charlie,DNA
115,MSTA-int,ERVL-MaLR,LTR
116,L1ME3B,L1,LINE
117,MER5B,hAT-Charlie,DNA
118,L1PA14,L1,LINE
119,L1MA5,L1,LINE
120,L1PB3,L1,LINE
121,FLAM_C,Alu,SINE
122,MLT1H,ERVL-MaLR,LTR
123,MSTB,ERVL-MaLR,LTR
124,L1P1,L1,LINE
125,L1MD,L1,LINE
126,ERVL-B4-int,ERVL,LTR
127,L1P3,L1,LINE
128,MLT1L,ERVL-MaLR,LTR
129,L1PBa,L1,LINE
130,MLT1A,ERVL-MaLR,LTR
131,L1ME2z,L1,LINE
132,LTR33,ERVL,LTR
133,MER58A,hAT-Charlie,DNA
134,MLT1I,ERVL-MaLR,LTR
135,L1M3,L1,LINE
136,MER21C,ERVL,LTR
137,AluSg7,Alu,SINE
138,L1PB2,L1,LINE
139,Charlie1a,hAT-Charlie,DNA
140,MSTD,ERVL-MaLR,LTR
141,L1P2,L1,LINE
142,MER2,TcMar-Tigger,DNA
143,AluSg4,Alu,SINE
144,MLT1F2,ERVL-MaLR,LTR
145,L1M6,L1,LINE
146,MER5A1,hAT-Charlie,DNA
147,THE1C-int,ERVL-MaLR,LTR
148,THE1D-int,ERVL-MaLR,LTR
149,LTR16A,ERVL,LTR
150,MLT1A1,ERVL-MaLR,LTR
151,MER52A,ERV1,LTR
152,AluSc5,Alu,SINE
153,FLAM_A,Alu,SINE
154,SVA_D,Other,Other
155,MER33,hAT-Charlie,DNA
156,HERV9-int,ERV1,LTR
157,L1MA5A,L1,LINE
158,L1MD3,L1,LINE
159,LTR16C,ERVL,LTR
160,L1ME3E,L1,LINE
161,THE1A-int,ERVL-MaLR,LTR
162,L1MA10,L1,LINE
163,MER4-int,ERV1,LTR
164,L1ME3D,L1,LINE
165,L1P4,L1,LINE
166,L1ME3F,L1,LINE
167,MSTB1,ERVL-MaLR,LTR
168,Tigger2,TcMar-Tigger,DNA
169,AluSx4,Alu,SINE
170,MER3,hAT-Charlie,DNA
171,MER1B,hAT-Charlie,DNA
172,LTR8,ERV1,LTR
173,MLT2A2,ERVL,LTR
174,CT-rich,Low_complexity,Low_complexity
175,GA-rich,Low_complexity,Low_complexity
176,MLT1J2,ERVL-MaLR,LTR
177,Tigger3a,TcMar-Tigger,DNA
178,L1M7,L1,LINE
179,L1PA12,L1,LINE
180,MLT1E2,ERVL-MaLR,LTR
181,L1PA15-16,L1,LINE
182,L1MCc,L1,LINE
183,BSR/Beta,Satellite,Satellite
184,MER1A,hAT-Charlie,DNA
185,LTR78,ERV1,LTR
186,MER58B,hAT-Charlie,DNA
187,MLT1F,ERVL-MaLR,LTR
188,MER103C,hAT-Charlie,DNA
189,MLT2B1,ERVL,LTR
190,THE1A,ERVL-MaLR,LTR
191,LTR8A,ERV1,LTR
192,MLT2B4,ERVL,LTR
193,HAL1b,L1,LINE
194,MER21B,ERVL,LTR
195,MLT2B3,ERVL,LTR
196,AluYc,Alu,SINE
197,MER41-int,ERV1,LTR
198,FRAM,Alu,SINE
199,MLT1G1,ERVL-MaLR,LTR
200,AluYa5,Alu,SINE
201,MLT1H1,ERVL-MaLR,LTR
202,MER82,TcMar-Tigger,DNA
203,L1MCb,L1,LINE
204,MLT1E1A,ERVL-MaLR,LTR
205,MER50,ERV1,LTR
206,MLT2D,ERVL,LTR
207,HSMAR2,TcMar-Mariner,DNA
208,MER39,ERV1,LTR
209,MLT1N2,ERVL-MaLR,LTR
210,MER61-int,ERV1,LTR
211,LTR49-int,ERV1,LTR
212,MER41B,ERV1,LTR
213,L1ME5,L1,LINE
214,MLT2A1,ERVL,LTR
215,A-rich,Low_complexity,Low_complexity
216,G-rich,Low_complexity,Low_complexity
217,MLT1J1,ERVL-MaLR,LTR
218,T-rich,Low_complexity,Low_complexity
219,Charlie7,hAT-Charlie,DNA
220,Tigger2a,TcMar-Tigger,DNA
221,C-rich,Low_complexity,Low_complexity
222,MLT1H2,ERVL-MaLR,LTR
223,HERVK9-int,ERVK,LTR
224,MLT1F1,ERVL-MaLR,LTR
225,MER41A,ERV1,LTR
226,MER20B,hAT-Charlie,DNA
227,Charlie2b,hAT-Charlie,DNA
228,LTR7,ERV1,LTR
229,Tigger15a,TcMar-Tigger,DNA
230,MER57A-int,ERV1,LTR
231,MER57-int,ERV1,LTR
232,SATR1,Satellite,Satellite
233,L1PB,L1,LINE
234,LTR9,ERV1,LTR
235,L3b,CR1,LINE
236,MSTC,ERVL-MaLR,LTR
237,MER11A,ERVK,LTR
238,MLT1G,ERVL-MaLR,LTR
239,LTR1,ERV1,LTR
240,MamRep605,Unknown,Unknown
241,HERV17-int,ERV1,LTR
242,Tigger13a,TcMar-Tigger,DNA
243,MER11C,ERVK,LTR
244,MLT1G3,ERVL-MaLR,LTR
245,MSTB-int,ERVL-MaLR,LTR
246,BLACKJACK,hAT-Blackjack,DNA
247,Charlie4a,hAT-Charlie,DNA
248,Harlequin-int,ERV1,LTR
249,LTR79,ERVL,LTR
250,AluYb8,Alu,SINE
251,MER4A1,ERV1,LTR
252,HERV16-int,ERVL,LTR
253,SVA_F,Other,Other
254,MER31-int,ERV1,LTR
255,MER113,hAT-Charlie,DNA
256,MER102b,hAT-Charlie,DNA
257,Tigger4,TcMar-Tigger,DNA
258,MER30,hAT-Charlie,DNA
259,MER47A,TcMar-Tigger,DNA
260,Arthur1,hAT-Tip100,DNA
261,FAM,Alu,SINE
262,LTR16A1,ERVL,LTR
263,MER53,hAT,DNA
264,Tigger7,TcMar-Tigger,DNA
265,MER4B-int,ERV1,LTR
266,LTR67B,ERVL,LTR
267,LTR78B,ERV1,LTR
268,MER21A,ERVL,LTR
269,LOR1-int,ERV1,LTR
270,LTR50,ERVL,LTR
271,LTR1B,ERV1,LTR
272,MER115,hAT-Tip100,DNA
273,LTR1D,ERV1,LTR
274,MER4B,ERV1,LTR
275,MLT2B2,ERVL,LTR
276,Charlie4z,hAT-Charlie,DNA
277,MER4D1,ERV1,LTR
278,Zaphod,hAT-Tip100,DNA
279,MLT1E3,ERVL-MaLR,LTR
280,MER112,hAT-Charlie,DNA
281,LTR40a,ERVL,LTR
282,Charlie1b,hAT-Charlie,DNA
283,LTR16E2,ERVL,LTR
284,MER44B,TcMar-Tigger,DNA
285,LTR16E1,ERVL,LTR
286,Tigger4a,TcMar-Tigger,DNA
287,L1P4a,L1,LINE
288,L1MEb,L1,LINE
289,Charlie2a,hAT-Charlie,DNA
290,Charlie1,hAT-Charlie,DNA
291,L1M3c,L1,LINE
292,MLT2C1,ERVL,LTR
293,HERVIP10F-int,ERV1,LTR
294,MLT2F,ERVL,LTR
295,Tigger4b,TcMar-Tigger,DNA
296,MER63A,hAT-Blackjack,DNA
297,MARNA,TcMar-Mariner,DNA
298,Arthur1B,hAT-Tip100,DNA
299,HUERS-P3-int,ERV1,LTR
300,MER117,hAT-Charlie,DNA
301,Plat_L3,CR1,LINE
302,MER46C,TcMar-Tigger,DNA
303,MER74A,ERVL,LTR
304,Charlie5,hAT-Charlie,DNA
305,L1M3f,L1,LINE
306,MER102c,hAT-Charlie,DNA
307,MER52D,ERV1,LTR
308,L1PBa1,L1,LINE
309,MER44A,TcMar-Tigger,DNA
310,(TGGA)n,Simple_repeat,Simple_repeat
311,Tigger2b_Pri,TcMar-Tigger,DNA
312,Charlie8,hAT-Charlie,DNA
313,HERVK22-int,ERVK,LTR
314,GC_rich,Low_complexity,Low_complexity
315,LTR5_Hs,ERVK,LTR
316,SVA_B,Other,Other
317,MER101-int,ERV1,LTR
318,LTR25-int,ERV1,LTR
319,MSTD-int,ERVL-MaLR,LTR
320,MER21-int,ERVL,LTR
321,MER68,ERVL,LTR
322,MER4D,ERV1,LTR
323,MLT1A0-int,ERVL-MaLR,LTR
324,MER49,ERV1,LTR
325,CER,Satellite,Satellite
326,MER65-int,ERV1,LTR
327,AluYk4,Alu,SINE
328,MSTB2,ERVL-MaLR,LTR
329,Tigger3c,TcMar-Tigger,DNA
330,(TCCA)n,Simple_repeat,Simple_repeat
331,HERVE-int,ERV1,LTR
332,MER67C,ERV1,LTR
333,AluSq10,Alu,SINE
334,LTR12,ERV1,LTR
335,LTR33A,ERVL,LTR
336,L1M3e,L1,LINE
337,MER52-int,ERV1,LTR
338,MER11B,ERVK,LTR
339,LTR16A2,ERVL,LTR
340,HERVL40-int,ERVL,LTR
341,MER94,hAT-Blackjack,DNA
342,MER66-int,ERV1,LTR
343,MER102a,hAT-Charlie,DNA
344,MER77B,ERVL,LTR
345,LTR41,ERVL,LTR
346,LTR39,ERV1,LTR
347,HERVIP10FH-int,ERV1,LTR
348,MER77,ERVL,LTR
349,LTR16B2,ERVL,LTR
350,HERVK-int,ERVK,LTR
351,MADE1,TcMar-Mariner,DNA
352,LTR17,ERV1,LTR
353,MER45B,hAT-Tip100,DNA
354,L1M2a,L1,LINE
355,L1MDb,L1,LINE
356,(TAGA)n,Simple_repeat,Simple_repeat
357,Tigger3,TcMar-Tigger,DNA
358,MER45A,hAT-Tip100,DNA
359,(TCTA)n,Simple_repeat,Simple_repeat
360,HSMAR1,TcMar-Mariner,DNA
361,LTR49,ERV1,LTR
362,MER31B,ERV1,LTR
363,MLT1M,ERVL-MaLR,LTR
364,ERVL-int,ERVL,LTR
365,MER63B,hAT-Blackjack,DNA
366,LTR37B,ERV1,LTR
367,LTR33A_,ERVL,LTR
368,(GAATG)n,Satellite,Satellite
369,MER39B,ERV1,LTR
370,MER91A,hAT-Tip100,DNA
371,HUERS-P1-int,ERV1,LTR
372,(TATATG)n,Simple_repeat,Simple_repeat
373,LTR37A,ERV1,LTR
374,MLT1J-int,ERVL-MaLR,LTR
375,(CATATA)n,Simple_repeat,Simple_repeat
376,MER31A,ERV1,LTR
377,MER4A,ERV1,LTR
378,MER66B,ERV1,LTR
379,Charlie15a,hAT-Charlie,DNA
380,(GAAA)n,Simple_repeat,Simple_repeat
381,(TTTC)n,Simple_repeat,Simple_repeat
382,MER89,ERV1,LTR
383,MER4E1,ERV1,LTR
384,MamRep137,TcMar?,DNA
385,HUERS-P3b-int,ERV1,LTR
386,HERV3-int,ERV1,LTR
387,MER65A,ERV1,LTR
388,MER44C,TcMar-Tigger,DNA
389,Kanga2_a,TcMar-Tc2,DNA
390,Charlie18a,hAT-Charlie,DNA
391,LTR12D,ERV1,LTR
392,L1M3b,L1,LINE
393,HERVL18-int,ERVL,LTR
394,MER90a,ERV1,LTR
395,MER51A,ERV1,LTR
396,MER50-int,ERV1,LTR
397,MER34A,ERV1,LTR
398,Charlie25,hAT-Charlie,DNA
399,MER4C,ERV1,LTR
400,LTR13,ERVK,LTR
401,AluSq4,Alu,SINE
402,(A)n,Simple_repeat,Simple_repeat
403,(GA)n,Simple_repeat,Simple_repeat
404,(T)n,Simple_repeat,Simple_repeat
405,(TC)n,Simple_repeat,Simple_repeat
406,LTR16B1,ERVL,LTR
407,Tigger6a,TcMar-Tigger,DNA
408,SVA_C,Other,Other
409,HERVS71-int,ERV1,LTR
410,MER51-int,ERV1,LTR
411,(CATTC)n,Simple_repeat,Simple_repeat
412,HERVK11-int,ERVK,LTR
413,HERVK3-int,ERVK,LTR
414,LOR1b,ERV1,LTR
415,Cheshire,hAT-Charlie,DNA
416,MER57A1,ERV1,LTR
417,HERV35I-int,ERV1,LTR
418,MER6A,TcMar-Tigger,DNA
419,MER6,TcMar-Tigger,DNA
420,SST1,centr,Satellite
421,MamRep434,TcMar-Tigger,DNA
422,LTR48,ERV1,LTR
423,LTR32,ERVL,LTR
424,LTR48B,ERV1,LTR
425,MER8,TcMar-Tigger,DNA
426,MER58C,hAT-Charlie,DNA
427,AluYf4,Alu,SINE
428,LTR85a,Gypsy?,LTR
429,MER63C,hAT-Blackjack,DNA
430,HERVE_a-int,ERV1,LTR
431,L1M2c,L1,LINE
432,MamRep38,hAT,DNA
433,MER34,ERV1,LTR
434,LTR2,ERV1,LTR
435,MLT1A1-int,ERVL-MaLR,LTR
436,CR1_Mam,CR1,LINE
437,LTR33B,ERVL,LTR
438,PRIMA4-int,ERV1,LTR
439,MER81,hAT-Blackjack,DNA
440,PRIMA41-int,ERV1,LTR
441,MER4E,ERV1,LTR
442,LTR5B,ERVK,LTR
443,LTR82A,ERVL,LTR
444,LTR82B,ERVL,LTR
445,MER45C,hAT-Tip100,DNA
446,MER96B,hAT,DNA
447,Tigger5,TcMar-Tigger,DNA
448,SATR2,Satellite,Satellite
449,MER72,ERV1,LTR
450,MLT2C2,ERVL,LTR
451,MamRep1527,LTR,LTR
452,MER89-int,ERV1,LTR
453,LTR40b,ERVL,LTR
454,MER50B,ERV1,LTR
455,L1PBb,L1,LINE
456,MER67D,ERV1,LTR
457,Charlie10,hAT-Charlie,DNA
458,L1M3a,L1,LINE
459,MLT1E1,ERVL-MaLR,LTR
460,MER119,hAT-Charlie,DNA
461,MLT1H-int,ERVL-MaLR,LTR
462,(TTA)n,Simple_repeat,Simple_repeat
463,(TAA)n,Simple_repeat,Simple_repeat
464,LTR28,ERV1,LTR
465,HERVI-int,ERV1,LTR
466,MER74B,ERVL,LTR
467,MER54A,ERVL,LTR
468,LTR7B,ERV1,LTR
469,LTR12B,ERV1,LTR
470,MER52C,ERV1,LTR
471,MER104,TcMar-Tc2,DNA
472,MER57B1,ERV1,LTR
473,LOR1a,ERV1,LTR
474,LTR12_,ERV1,LTR
475,FordPrefect,hAT-Tip100,DNA
476,LTR9B,ERV1,LTR
477,L1M3d,L1,LINE
478,PABL_A-int,ERV1,LTR
479,Charlie16a,hAT-Charlie,DNA
480,MER57B2,ERV1,LTR
481,LTR84b,ERVL,LTR
482,MLT1D-int,ERVL-MaLR,LTR
483,Ricksha_c,MuDR,DNA
484,MLT1I-int,ERVL-MaLR,LTR
485,L1MEg1,L1,LINE
486,LTR88b,Gypsy?,LTR
487,L1M3de,L1,LINE
488,SVA_A,Other,Other
489,(TTATA)n,Simple_repeat,Simple_repeat
490,LTR54,ERV1,LTR
491,(TATAA)n,Simple_repeat,Simple_repeat
492,Charlie3,hAT-Charlie,DNA
493,LTR41B,ERVL,LTR
494,MamRep1161,TcMar,DNA
495,LTR52,ERVL,LTR
496,Charlie24,hAT-Charlie,DNA
497,HSATII,Satellite,Satellite
498,HERVP71A-int,ERV1,LTR
499,MER63D,hAT-Blackjack,DNA
500,ERV3-16A3_LTR,ERVL,LTR
501,MER76,ERVL,LTR
502,Charlie19a,hAT-Charlie,DNA
503,MLT1E,ERVL-MaLR,LTR
504,(CATA)n,Simple_repeat,Simple_repeat
505,LTR56,ERV1,LTR
506,7SLRNA,srpRNA,RNA
507,LTR16D,ERVL,LTR
508,MER47B,TcMar-Tigger,DNA
509,MER9a3,ERVK,LTR
510,LTR81B,Gypsy,LTR
511,HERVK14-int,ERVK,LTR
512,MER92B,ERV1,LTR
513,MER41C,ERV1,LTR
514,(TATG)n,Simple_repeat,Simple_repeat
515,LTR27B,ERV1,LTR
516,HERVL74-int,ERVL,LTR
517,L1MEg2,L1,LINE
518,MamGypLTR1b,Gypsy,LTR
519,LTR85b,Gypsy?,LTR
520,MER113A,hAT-Charlie,DNA
521,(TTCC)n,Simple_repeat,Simple_repeat
522,(GGAA)n,Simple_repeat,Simple_repeat
523,LTR12F,ERV1,LTR
524,MER2B,TcMar-Tigger,DNA
525,LTR5A,ERVK,LTR
526,MER5C,hAT-Charlie,DNA
527,PABL_A,ERV1,LTR
528,LTR26,ERV1,LTR
529,LTR33C,ERVL,LTR
530,MamGypLTR1a,Gypsy,LTR
531,HAL1-2a_MD,L1,LINE
532,MER61A,ERV1,LTR
533,MamGypLTR1c,Gypsy,LTR
534,Zaphod3,hAT-Tip100,DNA
535,Charlie7a,hAT-Charlie,DNA
536,HERV4_I-int,ERV1,LTR
537,LTR54B,ERV1,LTR
538,Charlie23a,hAT-Charlie,DNA
539,LTR53,ERVL,LTR
540,LTR10C,ERV1,LTR
541,GSAT,centr,Satellite
542,SVA_E,Other,Other
543,LTR85c,Gypsy?,LTR
544,Tigger10,TcMar-Tigger,DNA
545,HSAT4,centr,Satellite
546,MamSINE1,tRNA,SINE
547,MER34B-int,ERV1,LTR
548,LTR47A,ERVL,LTR
549,MER44D,TcMar-Tigger,DNA
550,Tigger9b,TcMar-Tigger,DNA
551,MLT1J2-int,ERVL-MaLR,LTR
552,LTR89,ERVL?,LTR
553,HUERS-P2-int,ERV1,LTR
554,LTR27,ERV1,LTR
555,MER90,ERV1,LTR
556,MER34A1,ERV1,LTR
557,PRIMAX-int,ERV1,LTR
558,Charlie9,hAT-Charlie,DNA
559,Helitron3Na_Mam,Helitron,Other
560,HAL1-3A_ME,L1,LINE
561,MamGypLTR2c,Gypsy,LTR
562,LTR57-int,ERVL,LTR
563,Kanga1a,TcMar-Tc2,DNA
564,MER34B,ERV1,LTR
565,Tigger8,TcMar-Tigger,DNA
566,MER65C,ERV1,LTR
567,MER51B,ERV1,LTR
568,HERVH48-int,ERV1,LTR
569,LTR81A,Gypsy,LTR
570,MLT1B-int,ERVL-MaLR,LTR
571,Tigger12c,TcMar-Tigger,DNA
572,MamRep4096,hAT?,DNA
573,LTR29,ERV1,LTR
574,Charlie20a,hAT-Charlie,DNA
575,Charlie21a,hAT-Charlie,DNA
576,(TTTA)n,Simple_repeat,Simple_repeat
577,MLT1C-int,ERVL-MaLR,LTR
578,LTR16B,ERVL,LTR
579,MER70A,ERVL,LTR
580,(TAAA)n,Simple_repeat,Simple_repeat
581,LTR87,ERVL?,LTR
582,ORSL,hAT-Tip100,DNA
583,MamGypLTR3,Gypsy,LTR
584,MLT1J1-int,ERVL-MaLR,LTR
585,GSATII,centr,Satellite
586,MLT1F-int,ERVL-MaLR,LTR
587,Tigger9a,TcMar-Tigger,DNA
588,MamRep1879,hAT?,DNA
589,LTR40c,ERVL,LTR
590,Ricksha_0,MuDR,DNA
591,MER11D,ERVK,LTR
592,MER34C_,ERV1,LTR
593,Charlie22a,hAT-Charlie,DNA
594,Charlie17a,hAT-Charlie,DNA
595,MER110,ERV1,LTR
596,MADE2,TcMar-Mariner,DNA
597,MLT1A-int,ERVL-MaLR,LTR
598,MER4A1_,ERV1,LTR
599,PABL_B-int,ERV1,LTR
600,(TGAA)n,Simple_repeat,Simple_repeat
601,(TTCA)n,Simple_repeat,Simple_repeat
602,LTR10F,ERV1,LTR
603,LTR36,ERV1,LTR
604,MER110-int,ERV1,LTR
605,MSTB1-int,ERVL-MaLR,LTR
606,Kanga11a,TcMar-Tc2,DNA
607,Tigger14a,TcMar-Tigger,DNA
608,Kanga1,TcMar-Tc2,DNA
609,Looper,PiggyBac,DNA
610,MER75,PiggyBac,DNA
611,LTR83,ERVL,LTR
612,Charlie13a,hAT-Charlie,DNA
613,MLT1H1-int,ERVL-MaLR,LTR
614,LTR81C,Gypsy,LTR
615,LTR23,ERV1,LTR
616,REP522,telo,Satellite
617,LTR22C,ERVK,LTR
618,MER121,TcMar?,DNA
619,LTR51,ERV1,LTR
620,MER54B,ERVL,LTR
621,THE1-int,ERVL-MaLR,LTR
622,(TTG)n,Simple_repeat,Simple_repeat
623,MER45R,hAT-Tip100,DNA
624,MER34C2,ERV1,LTR
625,MER34-int,ERV1,LTR
626,LTR14B,ERVK,LTR
627,MER70-int,ERVL,LTR
628,MER67B,ERV1,LTR
629,MER9a1,ERVK,LTR
630,MER110A,ERV1,LTR
631,MER91B,hAT-Tip100,DNA
632,MER4D0,ERV1,LTR
633,LTR88c,Gypsy?,LTR
634,(TTTTG)n,Simple_repeat,Simple_repeat
635,L1M2b,L1,LINE
636,(CAA)n,Simple_repeat,Simple_repeat
637,LTR18B,ERVL,LTR
638,AluYg6,Alu,SINE
639,LFSINE_Vert,SINE,SINE
640,MER66C,ERV1,LTR
641,MamGypLTR2b,Gypsy,LTR
642,LTR19A,ERV1,LTR
643,(CAAAA)n,Simple_repeat,Simple_repeat
644,AmnSINE1,Deu,SINE
645,LTR19-int,ERV1,LTR
646,LTR80B,ERVL,LTR
647,HERV15-int,ERV1,LTR
648,Arthur1A,hAT-Tip100,DNA
649,LTR88a,Gypsy?,LTR
650,ORSL-2b,hAT-Tip100,DNA
651,Kanga1c,TcMar-Tc2,DNA
652,L5,RTE,LINE
653,MER70B,ERVL,LTR
654,MER68-int,ERVL,LTR
655,MER83,ERV1,LTR
656,LTR43,ERV1,LTR
657,MSTC-int,ERVL-MaLR,LTR
658,HERVFH21-int,ERV1,LTR
659,MER58D,hAT-Charlie,DNA
660,U6,snRNA,RNA
661,(TTTG)n,Simple_repeat,Simple_repeat
662,LTR13A,ERVK,LTR
663,MER83B-int,ERV1,LTR
664,LTR55,ERV,LTR
665,L1P4e,L1,LINE
666,LTR2B,ERV1,LTR
667,(CAAA)n,Simple_repeat,Simple_repeat
668,MER68B,ERVL,LTR
669,Zaphod2,hAT-Tip100,DNA
670,LTR84a,ERVL,LTR
671,L1P4b,L1,LINE
672,MLT1H2-int,ERVL-MaLR,LTR
673,PRIMA4_LTR,ERV1,LTR
674,MLT1G1-int,ERVL-MaLR,LTR
675,MER9a2,ERVK,LTR
676,LTR40A1,ERVL,LTR
677,LTR26B,ERV1,LTR
678,MER106B,hAT-Charlie,DNA
679,MER96,hAT,DNA
680,AluYc3,Alu,SINE
681,Tigger16b,TcMar-Tigger,DNA
682,PABL_B,ERV1,LTR
683,MER41D,ERV1,LTR
684,LTR45B,ERV1,LTR
685,MamGypLTR1d,Gypsy,LTR
686,LTR10A,ERV1,LTR
687,L1P4d,L1,LINE
688,MER61B,ERV1,LTR
689,LTR47B,ERVL,LTR
690,MER57C2,ERV1,LTR
691,LTR24B,ERV1,LTR
692,MER91C,hAT-Tip100,DNA
693,LTR34,ERV1,LTR
694,LTR45C,ERV1,LTR
695,MER41E,ERV1,LTR
696,MST-int,ERVL-MaLR,LTR
697,MER106A,hAT-Charlie,DNA
698,L1MEa,L1,LINE
699,MLT1F2-int,ERVL-MaLR,LTR
700,LTR52-int,ERVL,LTR
701,(TGG)n,Simple_repeat,Simple_repeat
702,LTR62,ERVL,LTR
703,MER57E1,ERV1,LTR
704,(TCTCTG)n,Simple_repeat,Simple_repeat
705,LTR6A,ERV1,LTR
706,LTR86A1,ERVL,LTR
707,(CCA)n,Simple_repeat,Simple_repeat
708,HERV30-int,ERV1,LTR
709,MER57D,ERV1,LTR
710,HERVK14C-int,ERVK,LTR
711,LTR80A,ERVL,LTR
712,MER61E,ERV1,LTR
713,Kanga1d,TcMar-Tc2,DNA
714,LTR65,ERV1,LTR
715,LTR7C,ERV1,LTR
716,HERVFH19-int,ERV1,LTR
717,LTR25,ERV1,LTR
718,MER57F,ERV1,LTR
719,MLT-int,ERVL-MaLR,LTR
720,MER124,DNA?,DNA
721,Charlie6,hAT-Charlie,DNA
722,LTR10E,ERV1,LTR
723,L1M2a1,L1,LINE
724,LTR24C,ERV1,LTR
725,MER67A,ERV1,LTR
726,LTR19B,ERV1,LTR
727,(CAGAGA)n,Simple_repeat,Simple_repeat
728,Mam_R4,Dong-R4,LINE
729,LTR38,ERV1,LTR
730,7SK,RNA,RNA
731,L1P5,L1,LINE
732,LTR26E,ERV1,LTR
733,MER65D,ERV1,LTR
734,X7A_LINE,CR1,LINE
735,Ricksha,MuDR,DNA
736,X7B_LINE,CR1,LINE
737,Tigger12A,TcMar-Tigger,DNA
738,MER6B,TcMar-Tigger,DNA
739,MER66A,ERV1,LTR
740,MamRep564,Unknown,Unknown
741,MER73,ERVL,LTR
742,LTR1C,ERV1,LTR
743,MER85,PiggyBac,DNA
744,HERV1_I-int,ERV1,LTR
745,(ATG)n,Simple_repeat,Simple_repeat
746,MER61C,ERV1,LTR
747,LTR42,ERVL,LTR
748,MER101,ERV1,LTR
749,LTR64,ERV1,LTR
750,L1M,L1,LINE
751,(TTTTA)n,Simple_repeat,Simple_repeat
752,(CAT)n,Simple_repeat,Simple_repeat
753,LTR66,ERVL,LTR
754,(TAAAA)n,Simple_repeat,Simple_repeat
755,LTR46-int,ERV1,LTR
756,MER105,DNA,DNA
757,MLT1G3-int,ERVL-MaLR,LTR
758,Tigger16a,TcMar-Tigger,DNA
759,Arthur1C,hAT-Tip100,DNA
760,MER97a,hAT-Tip100,DNA
761,LTR22B,ERVK,LTR
762,GSATX,centr,Satellite
763,MER84,ERV1,LTR
764,Tigger12,TcMar-Tigger,DNA
765,LTR68,ERV1,LTR
766,LTR15,ERV1,LTR
767,LTR31,ERV1,LTR
768,LTR71B,ERV1,LTR
769,LTR12E,ERV1,LTR
770,Tigger11a,TcMar-Tigger,DNA
771,MER70C,ERVL,LTR
772,MER5C1,hAT-Charlie,DNA
773,MER99,hAT?,DNA
774,MER61D,ERV1,LTR
775,MamGyp-int,Gypsy,LTR
776,Kanga1b,TcMar-Tc2,DNA
777,LTR75,ERVL,LTR
778,AluYb9,Alu,SINE
779,LTR76,ERV1,LTR
780,MLT2E,ERVL,LTR
781,LTR24,ERV1,LTR
782,MLT2B5,ERVL,LTR
783,MER84-int,ERV1,LTR
784,5S,rRNA,RNA
785,LTR7Y,ERV1,LTR
786,MER113B,hAT-Charlie,DNA
787,TAR1,telo,Satellite
788,LTR2C,ERV1,LTR
789,LTR30,ERV1,LTR
790,LTR70,ERV1,LTR
791,MSR1,Satellite,Satellite
792,MER34D,ERV1,LTR
793,LTR38B,ERV1,LTR
794,Charlie14a,hAT-Charlie,DNA
795,LTR73,ERV1,LTR
796,HERVK11D-int,ERVK,LTR
797,(CGGGG)n,Simple_repeat,Simple_repeat
798,LTR19C,ERV1,LTR
799,LTR3B_,ERVK,LTR
800,Charlie13b,hAT-Charlie,DNA
801,LTR57,ERVL,LTR
802,Helitron1Nb_Mam,Helitron,Other
803,MLT1G-int,ERVL-MaLR,LTR
804,LTR10D,ERV1,LTR
805,LTR90B,LTR,LTR
806,LTR43-int,ERV1,LTR
807,AluYk11,Alu,SINE
808,HERVK13-int,ERVK,LTR
809,Helitron1Na_Mam,Helitron,Other
810,MER135,DNA,DNA
811,LSU-rRNA_Hsa,rRNA,RNA
812,LTR60,ERV1,LTR
813,HERVL66-int,ERVL,LTR
814,LTR16D2,ERVL,LTR
815,MER76-int,ERVL,LTR
816,Charlie26a,hAT-Charlie,DNA
817,Tigger6b,TcMar-Tigger,DNA
818,LTR86C,ERVL,LTR
819,LTR18A,ERVL,LTR
820,LTR46,ERV1,LTR
821,LTR10B1,ERV1,LTR
822,LTR23-int,ERV1,LTR
823,MLT1F1-int,ERVL-MaLR,LTR
824,LTR6B,ERV1,LTR
825,Tigger3d,TcMar-Tigger,DNA
826,MERX,TcMar-Tigger,DNA
827,LTR22A,ERVK,LTR
828,LTR43B,ERV1,LTR
829,X7C_LINE,CR1,LINE
830,(CCG)n,Simple_repeat,Simple_repeat
831,MER101B,ERV1,LTR
832,MSTB2-int,ERVL-MaLR,LTR
833,X3_LINE,RTE-BovB,LINE
834,MER74C,ERVL,LTR
835,MER87B,ERV1,LTR
836,(TCCC)n,Simple_repeat,Simple_repeat
837,(CCCCG)n,Simple_repeat,Simple_repeat
838,MER97c,hAT-Tip100,DNA
839,(CGG)n,Simple_repeat,Simple_repeat
840,MER66D,ERV1,LTR
841,Ricksha_b,MuDR,DNA
842,LTR86A2,ERVL,LTR
843,MER51E,ERV1,LTR
844,MER51C,ERV1,LTR
845,ORSL-2a,hAT-Tip100,DNA
846,MER72B,ERV1,LTR
847,HERVL32-int,ERVL,LTR
848,(GGGA)n,Simple_repeat,Simple_repeat
849,HERVKC4-int,ERVK,LTR
850,(TTAA)n,Simple_repeat,Simple_repeat
851,LTR14C,ERVK,LTR
852,MER48,ERV1,LTR
853,MER61F,ERV1,LTR
854,LTR86B1,ERVL,LTR
855,LTR90A,LTR,LTR
856,(TGGG)n,Simple_repeat,Simple_repeat
857,LTR61,ERV1,LTR
858,LTR44,ERV1,LTR
859,LTR81,Gypsy,LTR
860,(TCC)n,Simple_repeat,Simple_repeat
861,MamRep1894,hAT,DNA
862,MER87,ERV1,LTR
863,(TGAG)n,Simple_repeat,Simple_repeat
864,(AAATG)n,Simple_repeat,Simple_repeat
865,Helitron2Na_Mam,Helitron?,Other
866,LTR3A,ERVK,LTR
867,(CCCA)n,Simple_repeat,Simple_repeat
868,LTR86B2,ERVL,LTR
869,LTR71A,ERV1,LTR
870,(GAA)n,Simple_repeat,Simple_repeat
871,LTR77,ERV1,LTR
872,MLT1-int,ERVL-MaLR,LTR
873,(TTC)n,Simple_repeat,Simple_repeat
874,LTR75B,ERVL,LTR
875,MER83A-int,ERV1,LTR
876,(CACCAT)n,Simple_repeat,Simple_repeat
877,MamRep488,hAT,DNA
878,polypurine,Low_complexity,Low_complexity
879,MER97b,hAT-Tip100,DNA
880,MLT1E2-int,ERVL-MaLR,LTR
881,FordPrefect_a,hAT-Tip100,DNA
882,LTR35B,ERV1,LTR
883,LTR16D1,ERVL,LTR
884,ALINE,RTE,LINE
885,(ATGGTG)n,Simple_repeat,Simple_repeat
886,polypyrimidine,Low_complexity,Low_complexity
887,LTR39-int,ERV1,LTR
888,MER47C,TcMar-Tigger,DNA
889,(CAAAAA)n,Simple_repeat,Simple_repeat
890,(TTTTC)n,Simple_repeat,Simple_repeat
891,(GAAAA)n,Simple_repeat,Simple_repeat
892,MER94B,hAT-Blackjack,DNA
893,(GGA)n,Simple_repeat,Simple_repeat
894,(TTTTTG)n,Simple_repeat,Simple_repeat
895,(CAGC)n,Simple_repeat,Simple_repeat
896,LTR72,ERV1,LTR
897,MER92C,ERV1,LTR
898,LTR69,ERVL,LTR
899,(CTCA)n,Simple_repeat,Simple_repeat
900,LTR72B,ERV1,LTR
901,LTR45,ERV1,LTR
902,AluYf5,Alu,SINE
903,LTR10G,ERV1,LTR
904,MER57C1,ERV1,LTR
905,AluYd8,Alu,SINE
906,(TTAGGG)n,Simple_repeat,Simple_repeat
907,(CATTT)n,Simple_repeat,Simple_repeat
908,(CCCTAA)n,Simple_repeat,Simple_repeat
909,Tigger1a_Art,TcMar-Tigger,DNA
910,MER107,DNA,DNA
911,LTR22,ERVK,LTR
912,LTR38C,ERV1,LTR
913,U2,snRNA,RNA
914,MER57E3,ERV1,LTR
915,Charlie10a,hAT-Charlie,DNA
916,(CCCCAG)n,Simple_repeat,Simple_repeat
917,HY3,scRNA,RNA
918,L1P3b,L1,LINE
919,LTR4,ERV1,LTR
920,X6B_LINE,CR1,LINE
921,LTR14,ERVK,LTR
922,(TCCCC)n,Simple_repeat,Simple_repeat
923,MER97d,hAT-Tip100,DNA
924,LTR81AB,Gypsy,LTR
925,ACRO1,acro,Satellite
926,MER83C,ERV1,LTR
927,MER65B,ERV1,LTR
928,MER131,SINE?,SINE
929,MLT1K-int,ERVL-MaLR,LTR
930,UCON29,PiggyBac?,DNA
931,MER41G,ERV1,LTR
932,HY1,scRNA,RNA
933,(GGGGA)n,Simple_repeat,Simple_repeat
934,Charlie10b,hAT-Charlie,DNA
935,AluYa8,Alu,SINE
936,(CTGGGG)n,Simple_repeat,Simple_repeat
937,MLT1E1A-int,ERVL-MaLR,LTR
938,LTR14A,ERVK,LTR
939,MER34C,ERV1,LTR
940,(CAG)n,Simple_repeat,Simple_repeat
941,LTR75_1,ERV1,LTR
942,MER95,ERV,LTR
943,LTR59,ERV1,LTR
944,Charlie11,hAT-Charlie,DNA
945,LTR35,ERV1,LTR
946,(CATG)n,Simple_repeat,Simple_repeat
947,X8_LINE,CR1,LINE
948,(CTG)n,Simple_repeat,Simple_repeat
949,(GGGTG)n,Simple_repeat,Simple_repeat
950,MER92A,ERV1,LTR
951,LTR13_,ERVK,LTR
952,AluYk12,Alu,SINE
953,LTR38-int,ERV1,LTR
954,LTR21A,ERV1,LTR
955,D20S16,Satellite,Satellite
956,MER51D,ERV1,LTR
957,(CACCC)n,Simple_repeat,Simple_repeat
958,MER83B,ERV1,LTR
959,(GCTG)n,Simple_repeat,Simple_repeat
960,(CTA)n,Simple_repeat,Simple_repeat
961,LTR3,ERVK,LTR
962,LTR3B,ERVK,LTR
963,MER88,ERVL,LTR
964,MER127,TcMar-Tigger,DNA
965,(TAG)n,Simple_repeat,Simple_repeat
966,MER50C,ERV1,LTR
967,(CAGA)n,Simple_repeat,Simple_repeat
968,LSAU,Satellite,Satellite
969,PrimLTR79,ERV1,LTR
970,LTR10B,ERV1,LTR
971,HSAT5,Satellite,Satellite
972,(CCCTAG)n,Simple_repeat,Simple_repeat
973,MER30B,hAT-Charlie,DNA
974,MLT1E3-int,ERVL-MaLR,LTR
975,(CTAGGG)n,Simple_repeat,Simple_repeat
976,LTR35A,ERV1,LTR
977,U13_,snRNA,RNA
978,X6A_LINE,CR1,LINE
979,(CGTG)n,Simple_repeat,Simple_repeat
980,UCON26,Unknown,Unknown
981,(GTGTG)n,Simple_repeat,Simple_repeat
982,MER126,DNA,DNA
983,AluYh9,Alu,SINE
984,Eulor8,TcMar?,DNA
985,DNA1_Mam,TcMar,DNA
986,(TCTG)n,Simple_repeat,Simple_repeat
987,(GAGTG)n,Simple_repeat,Simple_repeat
988,MLT1L-int,ERVL-MaLR,LTR
989,LTR58,ERV1,LTR
990,(CACG)n,Simple_repeat,Simple_repeat
991,U1,snRNA,RNA
992,HERV-Fc1-int,ERV1,LTR
993,(CAGCC)n,Simple_repeat,Simple_repeat
994,(CTATA)n,Simple_repeat,Simple_repeat
995,UCON28a,Unknown,Unknown
996,(TCTCCC)n,Simple_repeat,Simple_repeat
997,U3,snRNA,RNA
998,Charlie4,hAT-Charlie,DNA
999,(TAAAAA)n,Simple_repeat,Simple_repeat
1000,Ricksha_a,MuDR,DNA
1001,(GGGAA)n,Simple_repeat,Simple_repeat
1002,(TATAG)n,Simple_repeat,Simple_repeat
1003,(GGGAGA)n,Simple_repeat,Simple_repeat
1004,(CACAC)n,Simple_repeat,Simple_repeat
1005,(TTCCC)n,Simple_repeat,Simple_repeat
1006,SSU-rRNA_Hsa,rRNA,RNA
1007,UCON27,Unknown,Unknown
1008,(TTTTTA)n,Simple_repeat,Simple_repeat
1009,MER6C,TcMar-Tigger,DNA
1010,MER129,LTR?,LTR
1011,X1_LINE,CR1,LINE
1012,MER57E2,ERV1,LTR
1013,BC200,scRNA,RNA
1014,LTR21B,ERV1,LTR
1015,AmnSINE2,Deu,SINE
1016,(ATTG)n,Simple_repeat,Simple_repeat
1017,MLT1N2-int,ERVL-MaLR,LTR
1018,HSATI,Satellite,Satellite
1019,L1P4c,L1,LINE
1020,(TTGG)n,Simple_repeat,Simple_repeat
1021,MER75B,PiggyBac,DNA
1022,(CAAT)n,Simple_repeat,Simple_repeat
1023,Eulor5A,DNA?,DNA
1024,MER130,Unknown?,Unknown
1025,UCON7,DNA?,DNA
1026,(CCTTG)n,Simple_repeat,Simple_repeat
1027,Merlin1_HS,Merlin,DNA
1028,UCON31,Unknown,Unknown
1029,(CCAA)n,Simple_repeat,Simple_repeat
1030,(GGAAA)n,Simple_repeat,Simple_repeat
1031,U13,snRNA,RNA
1032,Tigger2b,TcMar-Tigger,DNA
1033,(GGCTG)n,Simple_repeat,Simple_repeat
1034,MER9B,ERVK,LTR
1035,UCON4,Unknown,Unknown
1036,MER125,DNA,DNA
1037,MLT1E1-int,ERVL-MaLR,LTR
1038,Eulor9A,DNA,DNA
1039,(CCTG)n,Simple_repeat,Simple_repeat
1040,UCON2,Unknown,Unknown
1041,Tigger1a_Mars,TcMar-Tigger,DNA
1042,(TTAAA)n,Simple_repeat,Simple_repeat
1043,X5A_LINE,CR1,LINE
1044,(CCTA)n,Simple_repeat,Simple_repeat
1045,(TTTCC)n,Simple_repeat,Simple_repeat
1046,(CATAT)n,Simple_repeat,Simple_repeat
1047,(TTGGGG)n,Simple_repeat,Simple_repeat
1048,UCON8,Unknown,Unknown
1049,U4,snRNA,RNA
1050,(CACTC)n,Simple_repeat,Simple_repeat
1051,(TAGG)n,Simple_repeat,Simple_repeat
1052,HERV1_LTRc,ERV1,LTR
1053,UCON28b,Unknown,Unknown
1054,L1P,L1,LINE
1055,(TTTAA)n,Simple_repeat,Simple_repeat
1056,UCON5,Unknown,Unknown
1057,(CAGG)n,Simple_repeat,Simple_repeat
1058,(TCTCC)n,Simple_repeat,Simple_repeat
1059,U7,snRNA,RNA
1060,(CCCCAA)n,Simple_repeat,Simple_repeat
1061,UCON6,Unknown,Unknown
1062,Eulor1,DNA,DNA
1063,(CTATT)n,Simple_repeat,Simple_repeat
1064,HY4,scRNA,RNA
1065,UCON28c,Unknown,Unknown
1066,(GGAGA)n,Simple_repeat,Simple_repeat
1067,(CATCC)n,Simple_repeat,Simple_repeat
1068,Eulor6D,DNA?,DNA
1069,HERV-Fc2-int,ERV1,LTR
1070,UCON10,Unknown,Unknown
1071,U5,snRNA,RNA
1072,(CATCT)n,Simple_repeat,Simple_repeat
1073,Eulor11,DNA,DNA
1074,HERV1_LTRa,ERV1,LTR
1075,(ATATG)n,Simple_repeat,Simple_repeat
1076,(AGATG)n,Simple_repeat,Simple_repeat
1077,UCON14,DNA?,DNA
1078,X2_LINE,CR1,LINE
1079,(CACCT)n,Simple_repeat,Simple_repeat
1080,Eulor6B,DNA?,DNA
1081,UCON13,Penelope?,LINE
1082,(AATAG)n,Simple_repeat,Simple_repeat
1083,HERV1_LTRe,ERV1,LTR
1084,(TTATG)n,Simple_repeat,Simple_repeat
1085,(TATTG)n,Simple_repeat,Simple_repeat
1086,(GGATG)n,Simple_repeat,Simple_repeat
1087,(AGGTG)n,Simple_repeat,Simple_repeat
1088,Eulor2A,DNA?,DNA
1089,(GAGAA)n,Simple_repeat,Simple_repeat
1090,Eulor9C,DNA,DNA
1091,(TGGGGG)n,Simple_repeat,Simple_repeat
1092,UCON20,Unknown,Unknown
1093,(CCCCCA)n,Simple_repeat,Simple_repeat
1094,(CGCGG)n,Simple_repeat,Simple_repeat
1095,Eulor2B,DNA?,DNA
1096,(TTCTCC)n,Simple_repeat,Simple_repeat
1097,UCON11,Unknown,Unknown
1098,UCON9,Unknown,Unknown
1099,(CG)n,Simple_repeat,Simple_repeat
1100,MER134,DNA?,DNA
1101,(CCGCG)n,Simple_repeat,Simple_repeat
1102,(GGAGAA)n,Simple_repeat,Simple_repeat
1103,(CATAA)n,Simple_repeat,Simple_repeat
1104,(TTCTC)n,Simple_repeat,Simple_repeat
1105,(GTTTG)n,Simple_repeat,Simple_repeat
1106,X5B_LINE,CR1,LINE
1107,(CACAG)n,Simple_repeat,Simple_repeat
1108,Charlie12,hAT-Charlie,DNA
1109,(CAAAC)n,Simple_repeat,Simple_repeat
1110,(CAGCT)n,Simple_repeat,Simple_repeat
1111,(CAATA)n,Simple_repeat,Simple_repeat
1112,tRNA-Cys-TGY,tRNA,RNA
1113,(AGGGGG)n,Simple_repeat,Simple_repeat
1114,(CCCCCT)n,Simple_repeat,Simple_repeat
1115,UCON15,Unknown,Unknown
1116,(CGGGGG)n,Simple_repeat,Simple_repeat
1117,X9_LINE,L1?,LINE
1118,HERV1_LTRd,ERV1,LTR
1119,MER75A,PiggyBac,DNA
1120,MER123,DNA,DNA
1121,(CCCCCG)n,Simple_repeat,Simple_repeat
1122,Eulor4,Unknown,Unknown
1123,Eulor12,DNA?,DNA
1124,tRNA-Glu-GAG_,tRNA,RNA
1125,(CACAA)n,Simple_repeat,Simple_repeat
1126,MLT1E-int,ERVL-MaLR,LTR
1127,UCON17,Unknown,Unknown
1128,(CAGT)n,Simple_repeat,Simple_repeat
1129,tRNA-Glu-GAA,tRNA,RNA
1130,HERV-Fc1_LTR1,ERV1,LTR
1131,(CCCTG)n,Simple_repeat,Simple_repeat
1132,(CAAG)n,Simple_repeat,Simple_repeat
1133,(TTGTG)n,Simple_repeat,Simple_repeat
1134,tRNA-Ala-GCY_,tRNA,RNA
1135,UCON12,Unknown,Unknown
1136,(TTAG)n,Simple_repeat,Simple_repeat
1137,(CAATT)n,Simple_repeat,Simple_repeat
1138,Eulor3,DNA?,DNA
1139,tRNA-Phe-TTY,tRNA,RNA
1140,AluYc5,Alu,SINE
1141,(CACTA)n,Simple_repeat,Simple_repeat
1142,UCON16,Unknown,Unknown
1143,(TCCTG)n,Simple_repeat,Simple_repeat
1144,Eulor5B,DNA?,DNA
1145,(TCCG)n,Simple_repeat,Simple_repeat
1146,(CTGTG)n,Simple_repeat,Simple_repeat
1147,UCON19,Unknown,Unknown
1148,MER136,DNA,DNA
1149,(CCTAT)n,Simple_repeat,Simple_repeat
1150,(CACAT)n,Simple_repeat,Simple_repeat
1151,(CTTG)n,Simple_repeat,Simple_repeat
1152,(GTCTG)n,Simple_repeat,Simple_repeat
1153,SAR,Satellite,Satellite
1154,tRNA-Gly-GGA,tRNA,RNA
1155,(TTCGGG)n,Simple_repeat,Simple_repeat
1156,Eulor10,DNA?,DNA
1157,HERV1_LTRb,ERV1,LTR
1158,LTR5,ERVK,LTR
1159,(TAGTG)n,Simple_repeat,Simple_repeat
1160,Eulor2C,DNA?,DNA
1161,UCON22,Unknown,Unknown
1162,MER133A,DNA?,DNA
1163,X7D_LINE,CR1,LINE
1164,Eulor6E,DNA?,DNA
1165,(AATTG)n,Simple_repeat,Simple_repeat
1166,tRNA-Gln-CAG,tRNA,RNA
1167,(CAGGG)n,Simple_repeat,Simple_repeat
1168,(CAGGC)n,Simple_repeat,Simple_repeat
1169,MER132,TcMar,DNA
1170,(CTAG)n,Simple_repeat,Simple_repeat
1171,(CACCG)n,Simple_repeat,Simple_repeat
1172,Eulor6A,DNA?,DNA
1173,HSAT6,Satellite,Satellite
1174,(CATTA)n,Simple_repeat,Simple_repeat
1175,(CGGA)n,Simple_repeat,Simple_repeat
1176,tRNA-Lys-AAG,tRNA,RNA
1177,UCON12A,Unknown,Unknown
1178,(CAGGA)n,Simple_repeat,Simple_repeat
1179,(TTCTG)n,Simple_repeat,Simple_repeat
1180,UCON23,DNA?,DNA
1181,UCON21,DNA?,DNA
1182,UCON25,Unknown,Unknown
1183,(CAACT)n,Simple_repeat,Simple_repeat
1184,(CTAA)n,Simple_repeat,Simple_repeat
1185,(CACGC)n,Simple_repeat,Simple_repeat
1186,(CATAC)n,Simple_repeat,Simple_repeat
1187,MER133B,DNA?,DNA
1188,(CTTA)n,Simple_repeat,Simple_repeat
1189,UCON1,Unknown,Unknown
1190,UCON24,Unknown,Unknown
1191,U8,snRNA,RNA
1192,tRNA-Asn-AAC,tRNA,RNA
1193,(CTATG)n,Simple_repeat,Simple_repeat
1194,(GGTTG)n,Simple_repeat,Simple_repeat
1195,tRNA-Lys-AAA,tRNA,RNA
1196,UCON18,Unknown,Unknown
1197,(CGAAT)n,Simple_repeat,Simple_repeat
1198,(CTACT)n,Simple_repeat,Simple_repeat
1199,(GCGTG)n,Simple_repeat,Simple_repeat
1200,(CAGTG)n,Simple_repeat,Simple_repeat
1201,SUBTEL_sa,Satellite,Satellite
1202,(C)n,Simple_repeat,Simple_repeat
1203,tRNA-Met,tRNA,RNA
1204,(ATGTG)n,Simple_repeat,Simple_repeat
1205,(TAAG)n,Simple_repeat,Simple_repeat
1206,(G)n,Simple_repeat,Simple_repeat
1207,tRNA-Ile-ATA,tRNA,RNA
1208,(ACTG)n,Simple_repeat,Simple_repeat
1209,Eulor9B,DNA,DNA
1210,tRNA-Gly-GGG,tRNA,RNA
1211,tRNA-Ile-ATT,tRNA,RNA
1212,(GCCTG)n,Simple_repeat,Simple_repeat
1213,(TTTAG)n,Simple_repeat,Simple_repeat
1214,tRNA-Ala-GCA,tRNA,RNA
1215,Eulor6C,DNA?,DNA
1216,tRNA-His-CAY_,tRNA,RNA
1217,(TAATG)n,Simple_repeat,Simple_repeat
1218,tRNA-Asp-GAY,tRNA,RNA
1219,(CAGAA)n,Simple_repeat,Simple_repeat
1220,(CATAG)n,Simple_repeat,Simple_repeat
1221,(CGAGG)n,Simple_repeat,Simple_repeat
1222,tRNA-Met_,tRNA,RNA
1223,tRNA-Met-i,tRNA,RNA
1224,(CAGTA)n,Simple_repeat,Simple_repeat
1225,tRNA-Gln-CAA_,tRNA,RNA
1226,HERV-Fc1_LTR3,ERV1,LTR
1227,(CTAAA)n,Simple_repeat,Simple_repeat
1228,tRNA-Val-GTG,tRNA,RNA
1229,(CAACC)n,Simple_repeat,Simple_repeat
1230,tRNA-Leu-CTY,tRNA,RNA
1231,(GTATG)n,Simple_repeat,Simple_repeat
1232,(AGCTG)n,Simple_repeat,Simple_repeat
1233,(CTTTA)n,Simple_repeat,Simple_repeat
1234,(CGAG)n,Simple_repeat,Simple_repeat
1235,tRNA-Arg-CGY_,tRNA,RNA
1236,(CCTCG)n,Simple_repeat,Simple_repeat
1237,(CGGG)n,Simple_repeat,Simple_repeat
1238,(ATAAG)n,Simple_repeat,Simple_repeat
1239,(TAAAG)n,Simple_repeat,Simple_repeat
1240,(CTCTG)n,Simple_repeat,Simple_repeat
1241,LTR7A,ERV1,LTR
1242,tRNA-Tyr-TAC,tRNA,RNA
1243,(CAGAG)n,Simple_repeat,Simple_repeat
1244,tRNA-Leu-TTG,tRNA,RNA
1245,tRNA-Ser-TCA(m),tRNA,RNA
1246,tRNA-Gly-GGY,tRNA,RNA
1247,(CAGTC)n,Simple_repeat,Simple_repeat
1248,(CCCG)n,Simple_repeat,Simple_repeat
1249,tRNA-Ala-GCY,tRNA,RNA
1250,(ATAGG)n,Simple_repeat,Simple_repeat
1251,Cheshire_Mars_,hAT-Charlie,DNA
1252,tRNA-Leu-TTA(m),tRNA,RNA
1253,(CCCGG)n,Simple_repeat,Simple_repeat
1254,tRNA-Arg-AGA,tRNA,RNA
1255,(CTTTG)n,Simple_repeat,Simple_repeat
1256,LTR11,ERV,LTR
1257,(CGGTG)n,Simple_repeat,Simple_repeat
1258,(AAGTG)n,Simple_repeat,Simple_repeat
1259,(CTCG)n,Simple_repeat,Simple_repeat
1260,(ACATG)n,Simple_repeat,Simple_repeat
1261,(TACTG)n,Simple_repeat,Simple_repeat
1262,(CAAAG)n,Simple_repeat,Simple_repeat
1263,(CATGT)n,Simple_repeat,Simple_repeat
1264,(CTTAT)n,Simple_repeat,Simple_repeat
1265,(CTAAT)n,Simple_repeat,Simple_repeat
1266,tRNA-Val-GTY,tRNA,RNA
1267,U17,snRNA,RNA
1268,(AGTTG)n,Simple_repeat,Simple_repeat
1269,(CAGGT)n,Simple_repeat,Simple_repeat
1270,(CGGAG)n,Simple_repeat,Simple_repeat
1271,(CATGC)n,Simple_repeat,Simple_repeat
1272,(CTAGT)n,Simple_repeat,Simple_repeat
1273,(CTCGG)n,Simple_repeat,Simple_repeat
1274,(CACTG)n,Simple_repeat,Simple_repeat
1275,HY5,scRNA,RNA
1276,(CCGGG)n,Simple_repeat,Simple_repeat
1277,(ACCTG)n,Simple_repeat,Simple_repeat
1278,(TCTTG)n,Simple_repeat,Simple_repeat
1279,Eulor7,DNA?,DNA
1280,(CCTAA)n,Simple_repeat,Simple_repeat
1281,(CAAAT)n,Simple_repeat,Simple_repeat
1282,(CAAGG)n,Simple_repeat,Simple_repeat
1283,HERV-Fc1_LTR2,ERV1,LTR
1284,tRNA-Gln-CAA,tRNA,RNA
1285,tRNA-Thr-ACA,tRNA,RNA
1286,tRNA-Arg-CGG,tRNA,RNA
1287,(CTCCG)n,Simple_repeat,Simple_repeat
1288,(CAAGC)n,Simple_repeat,Simple_repeat
1289,(ATTAG)n,Simple_repeat,Simple_repeat
1290,tRNA-Pro-CCY,tRNA,RNA
1291,tRNA-Arg-AGG,tRNA,RNA
1292,(GCATG)n,Simple_repeat,Simple_repeat
1293,(AGTAG)n,Simple_repeat,Simple_repeat
1294,tRNA-Leu-CTG,tRNA,RNA
1295,(TTAGGC)n,Simple_repeat,Simple_repeat
1296,(CACTT)n,Simple_repeat,Simple_repeat
1297,tRNA-Ser-TCY,tRNA,RNA
1298,(CCTAG)n,Simple_repeat,Simple_repeat
1299,tRNA-Ser-AGY,tRNA,RNA
1300,(TCG)n,Simple_repeat,Simple_repeat
1301,(CCGAG)n,Simple_repeat,Simple_repeat
1302,(CGA)n,Simple_repeat,Simple_repeat
1303,(ATTTG)n,Simple_repeat,Simple_repeat
1304,(ACTTG)n,Simple_repeat,Simple_repeat
1305,tRNA-Glu-GAG,tRNA,RNA
1306,(CAATG)n,Simple_repeat,Simple_repeat
1307,(GCTTG)n,Simple_repeat,Simple_repeat
1308,HERV-Fc2_LTR,ERV1,LTR
1309,MLT1M-int,ERVL-MaLR,LTR
1310,(CCCGAA)n,Simple_repeat,Simple_repeat
1311,tRNA-Leu-TTA,tRNA,RNA
1312,(TTCG)n,Simple_repeat,Simple_repeat
1313,(CAAGA)n,Simple_repeat,Simple_repeat
1314,(GATTG)n,Simple_repeat,Simple_repeat
1315,tRNA-Ala-GCG,tRNA,RNA
1316,tRNA-Val-GTA,tRNA,RNA
1317,(CACGT)n,Simple_repeat,Simple_repeat
1318,(ACGTG)n,Simple_repeat,Simple_repeat
1319,tRNA-Thr-ACY_,tRNA,RNA
1320,tRNA-Trp-TGG,tRNA,RNA
1321,tRNA-Thr-ACY,tRNA,RNA
1322,(CTTAA)n,Simple_repeat,Simple_repeat
1323,tRNA-Thr-ACG_,tRNA,RNA
1324,(CATTG)n,Simple_repeat,Simple_repeat
1325,(CAGCG)n,Simple_repeat,Simple_repeat
1326,(CTAGG)n,Simple_repeat,Simple_repeat
1327,(CGCTG)n,Simple_repeat,Simple_repeat
1328,(CCGG)n,Simple_repeat,Simple_repeat
1329,(CTAAG)n,Simple_repeat,Simple_repeat
1330,tRNA-Ile-ATC,tRNA,RNA
1331,(TCCCG)n,Simple_repeat,Simple_repeat
1332,(CAGTT)n,Simple_repeat,Simple_repeat
1333,tRNA-Pro-CCA,tRNA,RNA
1334,(CAGAC)n,Simple_repeat,Simple_repeat
1335,(TTAGG)n,Simple_repeat,Simple_repeat
1336,(CGGGA)n,Simple_repeat,Simple_repeat
1337,U14,snRNA,RNA
1338,tRNA-Arg-CGA,tRNA,RNA
1339,(GCCTAA)n,Simple_repeat,Simple_repeat
1340,tRNA-Ser-TCG,tRNA,RNA
1341,(GACTG)n,Simple_repeat,Simple_repeat
1342,(CAATC)n,Simple_repeat,Simple_repeat
1343,(TCTCG)n,Simple_repeat,Simple_repeat
1344,(ACTAG)n,Simple_repeat,Simple_repeat
1345,tRNA-Leu-CTA_,tRNA,RNA
1346,Charlie1b_Mars,hAT-Charlie,DNA
1347,HAL1N1_MD,L1,LINE
1348,(CACGA)n,Simple_repeat,Simple_repeat
1349,(TTAAG)n,Simple_repeat,Simple_repeat
1350,(CTTAG)n,Simple_repeat,Simple_repeat
1351,(CCCTA)n,Simple_repeat,Simple_repeat
1352,(TTACG)n,Simple_repeat,Simple_repeat
1353,(AACTG)n,Simple_repeat,Simple_repeat
1354,(CGAA)n,Simple_repeat,Simple_repeat
1355,(CCGGA)n,Simple_repeat,Simple_repeat
1356,(TCGGG)n,Simple_repeat,Simple_repeat
1357,(CGATA)n,Simple_repeat,Simple_repeat
1358,tRNA-Pro-CCG,tRNA,RNA
1359,tRNA-Ser-TCA_,tRNA,RNA
1360,(CATCG)n,Simple_repeat,Simple_repeat
1361,(CGAT)n,Simple_repeat,Simple_repeat
1362,(CGAAA)n,Simple_repeat,Simple_repeat
1363,(CGTAA)n,Simple_repeat,Simple_repeat
1364,tRNA-Tyr-TAT,tRNA,RNA
1365,(TACGG)n,Simple_repeat,Simple_repeat
1366,tRNA-SeC(e)-TGA,tRNA,RNA
1367,(CGGAA)n,Simple_repeat,Simple_repeat
1368,(TAGGG)n,Simple_repeat,Simple_repeat
1369,(TCCGG)n,Simple_repeat,Simple_repeat
1370,(ATCG)n,Simple_repeat,Simple_repeat
1371,tRNA-Thr-ACG,tRNA,RNA
1372,(CCCGA)n,Simple_repeat,Simple_repeat
1373,(TTTCG)n,Simple_repeat,Simple_repeat
1374,(CAAGT)n,Simple_repeat,Simple_repeat
1375,Tigger2a_Car,TcMar-Tigger,DNA
1376,(CGAGA)n,Simple_repeat,Simple_repeat
1377,tRNA-Asn-AAT,tRNA,RNA
1378,(ATCTG)n,Simple_repeat,Simple_repeat
1379,tRNA-Arg-CGA_,tRNA,RNA
1380,(TTCCG)n,Simple_repeat,Simple_repeat
1381,(ATTCG)n,Simple_repeat,Simple_repeat
1382,(CGGT)n,Simple_repeat,Simple_repeat
1383,(ACCG)n,Simple_repeat,Simple_repeat
1384,(TTCGG)n,Simple_repeat,Simple_repeat
1385,(CCGTA)n,Simple_repeat,Simple_repeat
1386,tRNA-Leu-CTA,tRNA,RNA
1387,tRNA-Ser-TCA,tRNA,RNA
1388,CheshMITE,hAT-Charlie,DNA
1389,(CAGAT)n,Simple_repeat,Simple_repeat
1390,tRNA-His-CAY,tRNA,RNA
1391,(CAACG)n,Simple_repeat,Simple_repeat
1392,(CCGAA)n,Simple_repeat,Simple_repeat
1393,(CGATG)n,Simple_repeat,Simple_repeat
1394,(CTTCG)n,Simple_repeat,Simple_repeat
1395,(CGTTG)n,Simple_repeat,Simple_repeat
